predicted_y1,predicted_y2
0.06361115438168155,9.963319547924433
4.257232796479567,11.110793152584405
19.940563094452152,14.192041470596077
20.04435537818997,3.6673619396887505
20.177476294315746,12.337287337497038
10.644279160116811,-4.820646928553647
5.8739481873574935,18.749656527113814
21.27788158079474,9.717436208035668
5.023331038950634,6.6834633588841905
14.186470413869738,20.622306408394593
